{"valid/best_val_loss":2.6471378803253174,"valid/val_perplexity":14.113585472106934,"train_inner/train_inner_accuracy":0.557692289352417,"valid/val_accuracy":0.45583707094192505,"train_inner/train_inner_loss":2.4548354148864746,"train_inner/lr":7.967999999999999e-06,"valid/val_best_accuracy":0.45583707094192505,"_wandb":{"runtime":608},"_timestamp":1.7462480373723383e+09,"valid/val_epoch_loss":2.6471378803253174,"_runtime":608.755020834,"_step":995}