{"_runtime":127.584508957,"_step":115,"train_inner/train_inner_loss":4.3029303550720215,"_wandb":{"runtime":127},"train_inner/train_inner_accuracy":0.3380281627178192,"_timestamp":1.7462534280455673e+09,"train_inner/lr":2.22e-05}