{"_step":5,"train_inner/train_inner_loss":8.50288200378418,"train_inner/train_inner_accuracy":0,"_timestamp":1.7462593982527223e+09,"train_inner/lr":1.2000000000000002e-06,"_wandb":{"runtime":118},"_runtime":118.666332656}