{"valid/val_accuracy":0.49044179916381836,"_step":2873,"train/train_perplexity":12.378447532653809,"train_inner/train_inner_loss":3.107135534286499,"train_inner/lr":0.0004391282051282051,"_timestamp":1.7463099011387856e+09,"valid/val_best_accuracy":0.49044179916381836,"train/train_epoch_loss":2.5159568786621094,"valid/val_perplexity":11.44205093383789,"_runtime":2437.265677597,"valid/val_epoch_loss":2.4372951984405518,"train_inner/train_inner_accuracy":0.46296295523643494,"train/train_epoch_acc":0.4805615246295929,"valid/best_val_loss":2.4372951984405518,"_wandb":{"runtime":2439}}