{"train_inner/lr":6.917818181818182e-06,"train/train_epoch_acc":0.5290105938911438,"train_inner/train_inner_loss":2.3538007736206055,"valid/val_accuracy":0.5224596858024597,"_wandb":{"runtime":8113},"train_inner/train_inner_accuracy":0.5806451439857483,"_timestamp":1.7462567017853725e+09,"_step":14391,"_runtime":8113.106481026,"valid/val_best_accuracy":0.5224596858024597,"valid/best_val_loss":2.1333353519439697,"train/train_perplexity":8.132452964782715,"valid/val_epoch_loss":2.1333353519439697,"train/train_epoch_loss":2.095862627029419,"valid/val_perplexity":8.44297981262207}