{"_timestamp":1.7463253918895392e+09,"train_inner/lr":6.079999999999999e-07,"_runtime":33.491021907,"_step":75,"_wandb":{"runtime":33},"train_inner/train_inner_loss":4.22231388092041,"train_inner/train_inner_accuracy":0.2931034564971924}