{"train_inner/train_inner_accuracy":0.40740740299224854,"train_inner/lr":8.782564102564102e-05,"train/train_epoch_loss":2.3550398349761963,"train_inner/train_inner_loss":2.769294261932373,"valid/val_epoch_loss":2.2925403118133545,"_timestamp":1.7463069024059238e+09,"_runtime":2631.950142712,"valid/val_best_accuracy":0.5094974040985107,"train/train_perplexity":10.538548469543457,"valid/val_accuracy":0.5086573958396912,"valid/best_val_loss":2.2925403118133545,"_step":2873,"valid/val_perplexity":9.900054931640625,"_wandb":{"runtime":2631},"train/train_epoch_acc":0.49695608019828796}