{"train_inner/train_inner_loss":2.852041482925415,"train/train_perplexity":11.218676567077637,"valid/val_best_accuracy":0.4997361898422241,"_timestamp":1.7462558191628957e+09,"_runtime":2380.557457435,"valid/best_val_loss":2.347468614578247,"train/train_epoch_loss":2.4175798892974854,"train/train_epoch_acc":0.4895254075527191,"valid/val_accuracy":0.4966701865196228,"train_inner/lr":8.782564102564102e-05,"valid/val_epoch_loss":2.347468614578247,"valid/val_perplexity":10.459060668945312,"train_inner/train_inner_accuracy":0.40740740299224854,"_wandb":{"runtime":2380},"_step":2873}