{"_wandb":{"runtime":68},"train_inner/lr":2.0000000000000002e-07,"_runtime":68.623630015,"_step":0,"train_inner/train_inner_loss":8.398852348327637,"train_inner/train_inner_accuracy":0,"_timestamp":1.7462532522083201e+09}