{"valid/val_accuracy":0.5031577348709106,"_wandb":{"runtime":4256},"train_inner/train_inner_accuracy":0.5394737124443054,"_runtime":4256.653096251,"train/train_epoch_acc":0.478906512260437,"valid/val_perplexity":11.332799911499023,"train_inner/lr":0.0004391282051282051,"train_inner/train_inner_loss":2.2923407554626465,"train/train_epoch_loss":2.537692070007324,"valid/best_val_loss":2.427701234817505,"_step":2873,"_timestamp":1.7463087325628102e+09,"valid/val_best_accuracy":0.5031577348709106,"valid/val_epoch_loss":2.427701234817505,"train/train_perplexity":12.65044116973877}