{"train/train_perplexity":10.442035675048828,"train_inner/lr":8.782564102564102e-05,"train_inner/train_inner_accuracy":0.42592594027519226,"train/train_epoch_loss":2.345839500427246,"_wandb":{"runtime":2353},"_runtime":2353.043890546,"_timestamp":1.7463009552045493e+09,"valid/val_accuracy":0.5048287510871887,"valid/val_epoch_loss":2.320815324783325,"valid/best_val_loss":2.2947113513946533,"train/train_epoch_acc":0.49752503633499146,"train_inner/train_inner_loss":2.7733142375946045,"valid/val_best_accuracy":0.5066882967948914,"valid/val_perplexity":10.183974266052246,"_step":2873}