{"_runtime":335.681283157,"train_inner/train_inner_loss":2.549081325531006,"_wandb":{"runtime":335},"train_inner/lr":4.168e-06,"_timestamp":1.7462485801034157e+09,"valid/val_accuracy":0.45583707094192505,"valid/best_val_loss":2.6471378803253174,"_step":520,"valid/val_epoch_loss":2.6471378803253174,"valid/val_perplexity":14.113585472106934,"valid/val_best_accuracy":0.45583707094192505,"train_inner/train_inner_accuracy":0.4590163826942444}